<?xml version="1.0" encoding="UTF-8"?>
<project-private xmlns="http://www.netbeans.org/ns/project-private/1">
    <editor-bookmarks xmlns="http://www.netbeans.org/ns/editor-bookmarks/2" lastBookmarkId="0"/>
    <open-files xmlns="http://www.netbeans.org/ns/projectui-open-files/2">
        <group>
            <file>file:/C:/Users/Breshly/Desktop/Examination-System-master/Examination-System/web/controller.jsp</file>
            <file>file:/C:/Users/Breshly/Desktop/Examination-System-master/Examination-System/web/dashboard.jsp</file>
            <file>file:/C:/Users/Breshly/Desktop/Examination-System-master/Examination-System/web/login.jsp</file>
            <file>file:/C:/Users/Breshly/Desktop/Examination-System-master/Examination-System/web/register.html</file>
            <file>file:/C:/Users/Breshly/Desktop/Examination-System-master/Examination-System/web/exam.jsp</file>
            <file>file:/C:/Users/Breshly/Desktop/Examination-System-master/Examination-System/web/login-student.jsp</file>
            <file>file:/C:/Users/Breshly/Desktop/Examination-System-master/Examination-System/web/style.css</file>
        </group>
    </open-files>
</project-private>
